{"rankings":[{"index":0,"logit":1.998046875},{"index":3,"logit":1.6162109375},{"index":2,"logit":-1.9638671875},{"index":1,"logit":-5.890625}],"usage":{"prompt_tokens":220,"total_tokens":220}}